ticker,industry,cik,figi,market_cap_bn
SNPS,semiconductors,883241,BBG000BSFRF3,93.9
CDNS,semiconductors,813672,BBG000C13CD9,96.9
ENTG,semiconductors,1101302,BBG000CTV4N4,25.4
MKSI,semiconductors,1049502,BBG000BVMG26,18.9
ONTO,semiconductors,704532,BBG000BPRN29,16.1
KLIC,semiconductors,56978,BBG000BMTX31,5.3
APH,semiconductors,820313,BBG000B9YJ35,214.4
QCOM,semiconductors,804328,BBG000CGC1X8,194.1
ARM,semiconductors,1973239,BBG01J1GXZF0,328.4
NVDA,semiconductors,1045810,BBG000BBJQV0,5757.5
TSM,semiconductors,1046179,BBG000BD8ZK0,2452.1
AVGO,semiconductors,1730168,BBG00KHY5S69,1695.3
MU,semiconductors,723125,BBG000C5Z1S3,1214.0
AMD,semiconductors,2488,BBG000BBQCY0,1034.8
ASML,semiconductors,937966,,724.8
INTC,semiconductors,50863,BBG000C0G1D1,601.9
LRCX,semiconductors,707549,BBG000BNFLM9,434.8
AMAT,semiconductors,6951,BBG000BBPFB9,428.6
KLAC,semiconductors,319201,BBG000BMTFR4,270.3
TXN,semiconductors,97476,BBG000BVV7G1,268.3
SNDK,semiconductors,2023554,BBG01R388JG1,251.8
MRVL,semiconductors,1835632,BBG00ZXBJ153,238.8
ADI,semiconductors,6281,BBG000BB6G37,202.1
STX,semiconductors,1137789,,192.4
WDC,semiconductors,106040,BBG000BWNFZ9,149.7
ASX,semiconductors,1122411,BBG00KLHL9W6,106.4
MPWR,semiconductors,1280452,BBG000C30L48,70.8
TER,semiconductors,97210,BBG000BV4DR6,70.2
UMC,semiconductors,1033767,BBG000BR4TH1,66.0
COHR,semiconductors,820318,BBG000BLW102,66.0
NXPI,semiconductors,1413447,,61.5
ALAB,semiconductors,1736297,BBG00TDKHW99,60.8
STM,semiconductors,932787,BBG000BD4GX2,50.9
P,semiconductors,1474432,BBG00212PVZ5,46.7
CLS,semiconductors,1030894,BBG000BPS2C3,44.5
NTAP,semiconductors,1002047,BBG000FP1N32,44.4
MCHP,semiconductors,827054,BBG000BHCP19,44.2
FLEX,semiconductors,866374,,43.1
CRDO,semiconductors,1807794,,41.1
ON,semiconductors,1097864,BBG000DV7MX4,33.0
JBL,semiconductors,898293,BBG000BJNGN9,31.9
GFS,semiconductors,1709048,,27.9
Q,semiconductors,2058873,BBG01TRL73S5,27.5
TSEM,semiconductors,928876,,27.1
CBRS,semiconductors,2021728,BBG00FNFPQH4,25.1
MTSI,semiconductors,1493594,BBG000LJQ3H1,24.6
SITM,semiconductors,1451809,BBG00QNSY1H7,21.3
LSCC,semiconductors,855658,BBG000C2D1C1,19.0
SMTC,semiconductors,88941,BBG000DBKR53,18.2
TTMI,semiconductors,1116942,BBG000BYQ0B1,13.9
AMKR,semiconductors,1047127,BBG000BCKGW7,13.9
NXT,semiconductors,1852131,BBG00835TPZ2,13.1
SWKS,semiconductors,4127,BBG000KLB4Q1,12.8
NVMI,semiconductors,1109345,,12.6
SANM,semiconductors,897723,BBG000BHBTX7,12.3
RMBS,semiconductors,917273,BBG000BR32C6,12.1
FORM,semiconductors,1039399,BBG000D1Y3P1,11.7
VIAV,semiconductors,912093,BBG000BP7JB0,11.6
QRVO,semiconductors,1604778,BBG007TJF1N7,10.0
MXL,semiconductors,1288469,BBG000BB6R33,9.6
SIMO,semiconductors,1329394,BBG000GT7XY1,9.5
CAMT,semiconductors,1109138,,7.6
SLAB,semiconductors,1038074,BBG000BB99S3,7.4
ALGM,semiconductors,866291,BBG00H5S8391,7.4
PLXS,semiconductors,785786,BBG000BRBX66,7.3
CRUS,semiconductors,772406,BBG000C1DHF5,6.1
ACMR,semiconductors,1680062,BBG00HPSG933,6.0
AXTI,semiconductors,1051627,BBG000BHZ0N5,5.6
WOLF,semiconductors,895419,BBG01XLDHDP0,5.0
DIOD,semiconductors,29002,BBG000G25P51,4.8
SYNA,semiconductors,817720,BBG000BQV1S2,4.7
ACLS,semiconductors,1113232,BBG000DW34S2,4.6
IPGP,semiconductors,1111928,BBG000DCGRL8,3.6
VECO,semiconductors,103145,BBG000BDCB28,3.5
AEHR,semiconductors,1040470,BBG000BWM083,3.5
COHU,semiconductors,21535,BBG000DKMJ86,3.5
UCTT,semiconductors,1275014,BBG000HSLV70,3.3
PENG,semiconductors,1616533,BBG00GLTQCX6,3.1
BHE,semiconductors,863436,BBG000C4JX31,3.1
OSIS,semiconductors,1039065,BBG000BWPR54,3.1
MSFT,ai_infrastructure_power,789019,BBG000BPH459,3899.7
GOOGL,ai_infrastructure_power,1652044,BBG009S39JX6,4201.0
AMZN,ai_infrastructure_power,1018724,BBG000BVPV84,2713.0
META,ai_infrastructure_power,1326801,BBG000MM2P62,1868.3
ORCL,ai_infrastructure_power,1341439,BBG000BQLTW7,430.3
CRWV,ai_infrastructure_power,1769628,BBG011ZTRJ21,49.4
NBIS,ai_infrastructure_power,1513845,,61.4
APLD,ai_infrastructure_power,1144879,BBG000DSJYS8,7.4
EQIX,ai_infrastructure_power,1101239,BBG000MBDGM6,101.2
DLR,ai_infrastructure_power,1297996,BBG000Q5ZRM7,62.7
IRM,ai_infrastructure_power,1020569,BBG000KCZPC3,33.8
AMT,ai_infrastructure_power,1053507,BBG000B9XYV2,75.6
CCI,ai_infrastructure_power,1051470,BBG000FV1Z23,28.3
GEV,ai_infrastructure_power,1996810,BBG013G17W31,263.3
ETN,ai_infrastructure_power,1551182,,169.4
ANET,ai_infrastructure_power,1596532,BBG000N2HDY5,261.5
TT,ai_infrastructure_power,1466258,,102.1
HUBB,ai_infrastructure_power,48898,BBG000BLK267,25.1
BWXT,ai_infrastructure_power,1486957,BBG000D86F25,12.4
OKLO,ai_infrastructure_power,1849056,BBG0112CBLW3,6.7
SMR,ai_infrastructure_power,1822966,BBG00YG48NM6,2.8
ITRI,ai_infrastructure_power,780571,BBG000BD2167,3.8
FSLR,ai_infrastructure_power,1274494,BBG000BFL116,18.8
ENPH,ai_infrastructure_power,1463101,BBG001R3MNY9,4.4
AAPL,ai_infrastructure_power,320193,BBG000B9XRY4,4858.3
CSCO,ai_infrastructure_power,858877,BBG000C3J3C9,442.4
DELL,ai_infrastructure_power,1571996,BBG00DW3SZS1,360.0
NEE,ai_infrastructure_power,753308,BBG000BJSBJ0,160.2
LITE,ai_infrastructure_power,1633978,BBG0073F9RT7,97.4
VRT,ai_infrastructure_power,1674101,BBG00L2B8KW8,97.1
JCI,ai_infrastructure_power,833444,,95.3
SO,ai_infrastructure_power,92122,BBG000BT9DW0,94.4
CEG,ai_infrastructure_power,1868275,BBG014KFRNP7,91.2
DUK,ai_infrastructure_power,1326160,BBG000BHGDH5,89.0
BE,ai_infrastructure_power,1664703,BBG000N7KBZ3,82.2
AEP,ai_infrastructure_power,4904,BBG000BB9KF2,65.1
FIX,ai_infrastructure_power,1035983,BBG000BWN2Y9,60.8
CIEN,ai_infrastructure_power,936395,BBG000BP1152,55.5
D,ai_infrastructure_power,715957,BBG000BGVW60,53.9
SRE,ai_infrastructure_power,1032208,BBG000C2ZCH8,51.2
VST,ai_infrastructure_power,1692819,BBG00DXDL6Q1,47.0
CARR,ai_infrastructure_power,1783180,BBG00RP5HYS8,45.8
XEL,ai_infrastructure_power,72903,BBG000BCTQ65,44.6
EXC,ai_infrastructure_power,1109357,BBG000J6XT05,41.7
ED,ai_infrastructure_power,1047862,BBG000BHLYS1,38.1
EME,ai_infrastructure_power,105634,BBG000BBRPL4,34.7
PEG,ai_infrastructure_power,788784,BBG000BQZMH4,33.9
WEC,ai_infrastructure_power,783325,BBG000BWP7D9,33.1
PCG,ai_infrastructure_power,1004980,BBG000BQWPC5,33.0
SMCI,ai_infrastructure_power,1375365,BBG000MYZDJ3,28.7
AEE,ai_infrastructure_power,1002910,BBG000B9X8C0,27.7
FTS,ai_infrastructure_power,1666175,BBG000K9SSS5,26.8
DTE,ai_infrastructure_power,936340,BBG000BB29X4,25.9
FFIV,ai_infrastructure_power,1048695,BBG000CXYSZ6,25.7
FE,ai_infrastructure_power,1031296,BBG000BB6M98,25.1
CNP,ai_infrastructure_power,1130310,BBG000FDBX90,24.7
PPL,ai_infrastructure_power,922224,BBG000BRJL00,24.7
ES,ai_infrastructure_power,72741,BBG000BQ87N0,24.3
EIX,ai_infrastructure_power,827052,BBG000D7RKJ5,20.7
NRG,ai_infrastructure_power,1013871,BBG000D8RG11,20.0
CMS,ai_infrastructure_power,811156,BBG000BFVXX0,20.0
WWD,ai_infrastructure_power,108312,BBG000BD53V2,19.6
NI,ai_infrastructure_power,1111711,BBG000BPZBB6,18.9
EVRG,ai_infrastructure_power,1711269,BBG00H433CR2,18.2
MTZ,ai_infrastructure_power,15615,BBG000DYXD23,17.3
FN,ai_infrastructure_power,1408710,,16.6
LNT,ai_infrastructure_power,352541,BBG000DW4Q75,16.6
TLN,ai_infrastructure_power,1622536,BBG01GWQVVD3,15.4
INIO,ai_infrastructure_power,2109150,,15.0
VICR,ai_infrastructure_power,751978,BBG000C3VHF1,14.6
EMA,ai_infrastructure_power,1127248,BBG000CX7YD7,14.4
KEP,ai_infrastructure_power,887225,BBG000BCWG90,14.2
IESC,ai_infrastructure_power,1048268,BBG000PHV438,13.5
GNRC,ai_infrastructure_power,1474735,BBG000PQ4W72,12.8
LII,ai_infrastructure_power,1069202,BBG000BB5B84,12.4
AEIS,ai_infrastructure_power,927003,BBG000FKMP26,12.2
PNW,ai_infrastructure_power,764622,BBG000BRDSX5,11.6
LFUS,ai_infrastructure_power,889331,BBG000BGFGT8,11.5
AES,ai_infrastructure_power,874761,BBG000C23KJ3,10.6
ELPC,ai_infrastructure_power,1041792,BBG01KK16ZG8,9.6
ALB,energy_materials,915913,BBG000BJ26K7,12.3
MP,energy_materials,1801368,BBG00TJGL0F0,8.4
LEU,energy_materials,1065059,BBG000BQ2JM1,3.0
USAR,energy_materials,1970622,BBG01HFW5XW1,1.2
SQM,energy_materials,909037,BBG000BKK4S1,9.2
UUUU,energy_materials,1385849,BBG000BXTPV3,2.4
LIN,energy_materials,1707925,,221.0
APD,energy_materials,2969,BBG000BC4JJ4,61.8
XOM,energy_materials,2115436,BBG023CY9MM1,674.4
CVX,energy_materials,93410,BBG000K4ND22,408.4
SHEL,energy_materials,1306965,BBG0147BN6G2,276.9
BHP,energy_materials,811809,BBG000BD5NZ4,218.8
TTE,energy_materials,879764,,186.2
SCCO,energy_materials,1001838,BBG000BSHH72,173.5
COP,energy_materials,1163165,BBG000BQQH30,152.3
NEM,energy_materials,1164727,BBG000BPWXK1,121.8
MPC,energy_materials,1510295,BBG001DCCGR8,118.6
RIO,energy_materials,863064,BBG000FD28T3,118.2
BP,energy_materials,313807,BBG000BT4FC2,117.2
VLO,energy_materials,1035002,BBG000BBGGQ1,117.0
PSX,energy_materials,1534701,BBG00286S4N9,105.6
FCX,energy_materials,831259,BBG000BJDB15,103.5
EQNR,energy_materials,1140625,BBG000NT0ZZ4,101.8
CNQ,energy_materials,1017413,BBG000HW5GX3,100.8
ENB,energy_materials,895728,BBG000K5M1S8,100.4
AEM,energy_materials,2809,BBG000DLVDK3,91.9
WMB,energy_materials,107263,BBG000BWVCP8,86.3
SU,energy_materials,311337,BBG000BRK7L6,83.0
E,energy_materials,1002242,BBG000BBPZZ9,82.9
PBR,energy_materials,1119639,BBG000BS6FX9,80.6
NGG,energy_materials,1004315,BBG000L4Y5K6,76.5
EOG,energy_materials,821189,BBG000BZ9223,74.2
SLB,energy_materials,87347,BBG000BT41Q8,72.3
ET,energy_materials,1276187,BBG000BM2FL9,70.5
KMI,energy_materials,1506307,BBG0019JZ882,69.2
B,energy_materials,756894,BBG000BB07P9,67.4
WPM,energy_materials,1323404,BBG000PVRDL2,61.9
TRP,energy_materials,1232384,BBG000BVN235,61.5
VALE,energy_materials,917851,BBG000BN5LG7,61.1
CVE,energy_materials,1475260,BBG000PSJP22,61.0
IMO,energy_materials,49938,BBG000C32XT3,60.8
TRGP,energy_materials,1389170,BBG0015XMW40,60.4
OXY,energy_materials,797468,BBG000BQQ2S6,58.1
MPLX,energy_materials,1552000,BBG0035TJGV4,57.2
LNG,energy_materials,3570,BBG000C3HSR0,55.8
BKR,energy_materials,1701605,BBG00GBVBK51,55.6
OKE,energy_materials,1039684,BBG024TZWVN1,55.4
DVN,energy_materials,1090012,BBG000BBVJZ8,52.4
FANG,energy_materials,1539838,BBG002PHSYX9,51.7
AU,energy_materials,1973832,,47.9
FNV,energy_materials,1456346,BBG000RD3CL8,46.1
WDS,energy_materials,844551,BBG000BSYPK0,41.4
CCJ,energy_materials,1009001,BBG000DSZTN6,37.1
VG,energy_materials,2007855,BBG01RGY23K6,34.7
TECK,energy_materials,886986,BBG000BSJTT0,33.5
GFI,energy_materials,1172724,BBG000KHT4K7,31.9
EQT,energy_materials,33213,BBG000BHZ5J9,31.4
KGC,energy_materials,701818,BBG000BB2DM7,28.9
FTI,energy_materials,1681459,,27.0
PBA,energy_materials,1546066,BBG001732GF9,26.7
ATO,energy_materials,731802,BBG000BRNGM2,26.6
HAL,energy_materials,45012,BBG000BKTFN2,26.5
DINO,energy_materials,1915657,BBG0135B2214,20.2
EXE,energy_materials,895126,BBG00Z6DX554,19.8
YPF,energy_materials,904851,BBG000BHPFQ0,19.5
PAAS,energy_materials,771992,BBG000C0RGY3,19.2
PR,energy_materials,1658566,BBG00CNYBQ76,18.5
CDE,energy_materials,215466,BBG000BF8TF5,18.2
WES,energy_materials,1423902,BBG003M3V230,17.6
PAA,energy_materials,1070423,BBG000BP63C5,16.8
OVV,energy_materials,1792580,BBG00R2NHQ65,16.6
APA,energy_materials,1841666,BBG00YTS96G2,15.3
AGI,energy_materials,1178819,BBG009HT6BL4,13.6
DTM,energy_materials,1842022,BBG0112Z58J3,12.3
HL,energy_materials,719413,BBG000BL5W86,11.6
HMY,energy_materials,1023514,BBG000BX93G1,11.1
AA,energy_materials,1675149,BBG00B3T3HD3,11.1
IAG,energy_materials,1203464,BBG000LL9LQ5,10.9
HBM,energy_materials,1322422,BBG000PM99H6,10.8
AR,energy_materials,1433270,BBG000PW5VX1,10.5
GE,defense_aerospace,40545,BBG000BK6MB5,321.2
HWM,defense_aerospace,4281,BBG00DYNJGH9,92.2
HEI,defense_aerospace,46619,BBG000BL16Q7,42.7
BAH,defense_aerospace,1443646,BBG000R2YFG7,8.1
CACI,defense_aerospace,16058,BBG000KQY8Y7,13.6
LDOS,defense_aerospace,1336920,BBG000C23PB0,14.8
SAIC,defense_aerospace,1571123,BBG003BW05K6,5.2
PLTR,defense_aerospace,1321655,BBG000N7QR55,453.5
PSN,defense_aerospace,275880,BBG000C3TKY6,4.4
RKLB,defense_aerospace,1819994,BBG01V7JN3F3,44.2
RTX,defense_aerospace,101829,BBG000BW8S60,248.9
BA,defense_aerospace,12927,BBG000BCSST7,153.0
LMT,defense_aerospace,936468,BBG000C1BW00,116.6
GD,defense_aerospace,40533,BBG000BK67C7,89.3
NOC,defense_aerospace,1133421,BBG000BQ2C28,67.9
TDG,defense_aerospace,1260221,BBG000L8CBX4,60.3
GRMN,defense_aerospace,1121788,,54.2
HONA,defense_aerospace,2089271,BBG020QYV152,49.0
LHX,defense_aerospace,202058,BBG000BLGFJ9,44.1
AXON,defense_aerospace,1069183,BBG000BHJWG1,33.6
ESLT,defense_aerospace,1027664,,32.3
TDY,defense_aerospace,1094285,BBG000BMT9T6,28.6
ARXS,defense_aerospace,2093536,BBG0217MY2M3,20.1
EMBJ,defense_aerospace,1355444,BBG000BG3TV0,13.9
TXT,defense_aerospace,217346,BBG000BVVQQ8,13.3
HII,defense_aerospace,1501585,BBG001KJ2HM9,10.6
DRS,defense_aerospace,1833756,BBG00ZSB4TS9,9.8
KTOS,defense_aerospace,1069258,BBG000C1HQ43,8.1
SARO,defense_aerospace,2025410,BBG000RD8M04,7.0
JOBY,defense_aerospace,1819848,,5.9
LOAR,defense_aerospace,2000178,BBG01M86F4Y6,5.8
KRMN,defense_aerospace,2040127,BBG01RXK1PK9,4.5
AIR,defense_aerospace,1750,BBG000BBGQF1,4.1
FLY,defense_aerospace,1860160,BBG00NGNL3X5,3.9
ACHR,defense_aerospace,1824502,BBG00XRTC910,3.8
ATRO,defense_aerospace,8063,BBG000BCLBY5,3.2
RDW,defense_aerospace,1819810,BBG00YGLXD60,2.7
DCO,defense_aerospace,30305,BBG000BH02M0,2.6
NN,defense_aerospace,1865631,BBG017XG00X4,2.4
AADX,defense_aerospace,2118195,BBG0226FC4Q3,2.2
VOYG,defense_aerospace,1788060,BBG01V317FS3,1.8
YSS,defense_aerospace,2086587,BBG01YLLYSD1,1.2
NPK,defense_aerospace,80172,BBG000BQ4GG2,1.1
TMO,healthcare_biotech,97745,BBG000BVDLH9,242.1
DHR,healthcare_biotech,313616,BBG000BH3JF8,150.5
A,healthcare_biotech,1090872,BBG000C2V3D6,47.3
ISRG,healthcare_biotech,1035267,BBG000BJPDZ1,138.5
IQV,healthcare_biotech,1478242,BBG00333FYS2,43.1
LLY,healthcare_biotech,59478,BBG000BNBDC2,1075.8
JNJ,healthcare_biotech,200406,BBG000BMHYD1,617.0
ABBV,healthcare_biotech,1551152,BBG0025Y4RY4,464.4
MRK,healthcare_biotech,310158,BBG000BPD168,356.0
UNH,healthcare_biotech,731766,BBG000CH5208,333.8
NVS,healthcare_biotech,1114448,BBG000LYF3S8,286.9
AZN,healthcare_biotech,901832,,243.2
AMGN,healthcare_biotech,318154,BBG000BBS2Y0,217.9
GILD,healthcare_biotech,882095,BBG000CKGBP2,179.5
ABT,healthcare_biotech,1800,BBG000B9ZXB4,169.8
PFE,healthcare_biotech,78003,BBG000BR2B91,158.5
VRTX,healthcare_biotech,875320,BBG000C1S2X2,127.9
NVO,healthcare_biotech,353278,BBG000BQBKR3,126.5
BMY,healthcare_biotech,14272,BBG000DQLV23,124.9
MDT,healthcare_biotech,1613103,,110.5
SYK,healthcare_biotech,310764,BBG000DN7P92,105.6
MCK,healthcare_biotech,927653,BBG000DYGNW7,105.2
SNY,healthcare_biotech,1121404,BBG000BBD5N1,96.4
GSK,healthcare_biotech,1131399,BBG000BLB481,95.1
HCA,healthcare_biotech,860730,BBG000QW7VC1,94.7
ELV,healthcare_biotech,1156039,BBG000BCG930,83.8
REGN,healthcare_biotech,872589,BBG000C734W3,77.9
MRNA,healthcare_biotech,1682852,BBG003PHHZT1,75.9
CI,healthcare_biotech,1739940,BBG00KXRCDP0,71.5
BSX,healthcare_biotech,885725,BBG000C0LW92,61.7
NTRA,healthcare_biotech,1604821,BBG001J1BQ86,59.1
COR,healthcare_biotech,1140859,BBG000MDCQC2,59.0
ARGX,healthcare_biotech,1697862,BBG00GHB88X9,57.5
TAK,healthcare_biotech,1395064,BBG000LF8708,57.2
CAH,healthcare_biotech,721371,BBG000D898T9,53.1
EW,healthcare_biotech,1099800,BBG000BRXP69,49.1
BDX,healthcare_biotech,10795,BBG000BCZYD3,48.2
HUM,healthcare_biotech,49071,BBG000BLKK03,46.6
TEVA,healthcare_biotech,818686,,46.1
RVMD,healthcare_biotech,1628171,BBG00829F4P8,44.3
ILMN,healthcare_biotech,1110803,BBG000DSMS70,41.2
IDXX,healthcare_biotech,874716,BBG000BLRT07,40.8
ONC,healthcare_biotech,1651308,BBG00B6WF7T5,39.3
BIIB,healthcare_biotech,875045,BBG000C17X76,32.5
DXCM,healthcare_biotech,1093557,BBG000QTF8K1,32.2
RPRX,healthcare_biotech,1802768,,31.8
RMD,healthcare_biotech,943819,BBG000L4M7F1,31.6
CNC,healthcare_biotech,1071739,BBG000BDXCJ5,31.1
MTD,healthcare_biotech,1037646,BBG000BZCKH3,29.8
ALNY,healthcare_biotech,1178670,BBG000BFGNJ5,29.4
GEHC,healthcare_biotech,1932393,BBG01BFR8YV1,29.2
ZTS,healthcare_biotech,1555280,BBG0039320N9,28.8
ROIV,healthcare_biotech,1635088,,25.8
DGX,healthcare_biotech,1022079,BBG000BN84F3,25.8
WST,healthcare_biotech,105770,BBG000BX24N8,25.7
WAT,healthcare_biotech,1000697,BBG000FQRVM3,25.3
LH,healthcare_biotech,920148,BBG01MMT6PL7,25.0
BNTX,healthcare_biotech,1776985,BBG00Q70B3V1,24.5
PHG,healthcare_biotech,313216,BBG000BR4QW0,23.9
GH,healthcare_biotech,1576280,BBG006D97VY9,23.9
UTHR,healthcare_biotech,1082554,BBG000BV4XJ1,23.2
INCY,healthcare_biotech,879169,BBG000BNPSQ9,23.0
GMAB,healthcare_biotech,1434265,BBG004MPKM64,21.7
THC,healthcare_biotech,70318,BBG000CPHYL4,20.8
STE,healthcare_biotech,1757898,,20.3
VTRS,healthcare_biotech,1792044,BBG00Y4RQNH4,20.2
RVTY,healthcare_biotech,31791,BBG000FXW512,16.9
ZBH,healthcare_biotech,1136869,BBG000BKPL53,16.8
MEDP,healthcare_biotech,1668397,BBG0065B7K59,16.7
JAZZ,healthcare_biotech,1232524,,15.3
SOLV,healthcare_biotech,1964738,BBG018YZH6T3,15.0
NBIX,healthcare_biotech,914475,BBG000GJS7C1,14.6
EXEL,healthcare_biotech,939767,BBG000BQ4WF8,14.5
ASND,healthcare_biotech,1612042,,14.1
CRL,healthcare_biotech,1100682,BBG000BG5BL8,13.9
BBIO,healthcare_biotech,1743881,BBG00P9KDZK6,13.1
CORT,healthcare_biotech,1088856,BBG000BKJG33,12.6
PEN,healthcare_biotech,1321732,BBG001BP92V1,12.5
ICLR,healthcare_biotech,1060955,,12.5
HALO,healthcare_biotech,1159036,BBG000CZ8W54,12.5
BAX,healthcare_biotech,10456,BBG000BCVJ77,12.1
TXG,healthcare_biotech,1770787,BBG007WX14X0,11.9
TWST,healthcare_biotech,1581280,BBG006KDCHJ4,11.8
MDGL,healthcare_biotech,1157601,BBG000QS6NV8,11.5
TECH,healthcare_biotech,842023,BBG000C15114,11.4
CAT,industrials_reshoring,18230,BBG000BF0K17,388.6
DE,industrials_reshoring,315189,BBG000BH1NH9,185.2
URI,industrials_reshoring,1067701,BBG000BXMFC3,67.7
PH,industrials_reshoring,76334,BBG000BR3KL6,122.6
EMR,industrials_reshoring,32604,BBG000BHX7N2,90.1
HON,industrials_reshoring,773840,BBG000H556T9,67.8
ITW,industrials_reshoring,49826,BBG000BMBL90,74.9
WAB,industrials_reshoring,943452,BBG000BDD940,48.6
NUE,industrials_reshoring,73309,BBG000BQ8KV2,54.5
STLD,industrials_reshoring,1022671,BBG000HGYNZ9,33.3
FAST,industrials_reshoring,815556,BBG000BJ8YN7,58.2
GWW,industrials_reshoring,277135,BBG000BKR1D6,60.3
MLM,industrials_reshoring,916076,BBG000BGYMH7,29.0
VMC,industrials_reshoring,1396009,BBG000BWGYF8,31.5
PWR,industrials_reshoring,1050915,BBG000BBL8V7,101.7
ROK,industrials_reshoring,1024478,BBG000BBCDZ2,50.5
AME,industrials_reshoring,1037868,BBG000B9XG87,57.8
XYL,industrials_reshoring,1524472,BBG001D8R5D0,23.8
MMM,industrials_reshoring,66740,BBG000BP52R2,83.5
CMI,industrials_reshoring,26172,BBG000BGPTV6,72.7
MT,industrials_reshoring,1243429,BBG000BJH5W0,49.1
FER,industrials_reshoring,1468522,,38.7
TS,industrials_reshoring,1190723,BBG000PLD4R3,32.6
SUNB,industrials_reshoring,2083785,BBG01ZZ7RBW8,31.6
IR,industrials_reshoring,1699150,BBG002R1CW27,29.5
ATI,industrials_reshoring,1018963,BBG000LC1FS4,26.2
SN,industrials_reshoring,1957132,,25.7
AER,industrials_reshoring,1378789,,24.1
CW,industrials_reshoring,26324,BBG000BGSPS5,20.2
CRS,industrials_reshoring,17843,BBG000BGCQT9,19.3
SNA,industrials_reshoring,91440,BBG000BT7JW9,19.1
ITT,industrials_reshoring,216228,BBG00CVQZQ96,18.4
PKX,industrials_reshoring,889132,BBG000BCBSD2,18.3
ZBRA,industrials_reshoring,877212,BBG000CC7LQ7,17.8
IEX,industrials_reshoring,832101,BBG000C1HN22,17.2
CNH,industrials_reshoring,1567094,,16.7
RBC,industrials_reshoring,1324948,BBG000GMGNB3,16.3
STRL,industrials_reshoring,874238,BBG000JD6TN5,16.3
J,industrials_reshoring,52988,BBG019C1BQR4,16.2
LECO,industrials_reshoring,59527,BBG000BB72K8,15.0
SWK,industrials_reshoring,93556,BBG000BTQR96,13.8
GGG,industrials_reshoring,42888,BBG000BK9W84,12.6
MOG-A,industrials_reshoring,67887,BBG000BP7RH6,12.6
WTS,industrials_reshoring,795403,BBG000C4Z6C2,12.2
CR,industrials_reshoring,1944013,BBG016G0L0Q5,12.0
TX,industrials_reshoring,1342874,BBG000LTPD97,11.3
FLS,industrials_reshoring,30625,BBG000FFH4P5,9.5
OC,industrials_reshoring,1370946,BBG000M44VW8,9.4
AYI,industrials_reshoring,1144215,BBG000BJ5HK0,9.2
SPXC,industrials_reshoring,88205,BBG000BTGCV5,8.7
TKR,industrials_reshoring,98362,BBG000BV95H9,8.5
AGCO,industrials_reshoring,880266,BBG000DCCZW2,8.0
ZWS,industrials_reshoring,1439288,BBG000H8R0N8,8.0
AOS,industrials_reshoring,91142,BBG000BC1L02,7.8
MSM,industrials_reshoring,1003078,BBG000BCLYL9,7.3
SSD,industrials_reshoring,920371,BBG000JLC8L8,7.1
CMC,industrials_reshoring,22444,BBG000BFSND8,7.0
GTES,industrials_reshoring,1718512,,7.0
FLR,industrials_reshoring,1124198,BBG000BB1TH9,6.7
TEX,industrials_reshoring,97216,BBG000C7B436,6.5
AGX,industrials_reshoring,100591,BBG000K4J3T0,5.4
GVA,industrials_reshoring,861459,BBG000DVB833,5.2
ROAD,industrials_reshoring,1718227,BBG00KK0CFX9,5.1
SIM,industrials_reshoring,887153,BBG000BG80W7,4.6
KBR,industrials_reshoring,1357615,BBG000P28YZ6,4.3
BC,industrials_reshoring,14930,BBG000BCWSS3,4.2
MWA,industrials_reshoring,1350593,BBG000JBC9M7,3.4
DXPE,industrials_reshoring,1020710,BBG000HTY991,3.0
EFXT,industrials_reshoring,1904856,BBG001QVSNG2,3.0
MGRC,industrials_reshoring,752714,BBG000BP02D2,2.9
CXT,industrials_reshoring,25445,BBG017BXPZ85,2.8
KMT,industrials_reshoring,55242,BBG000BMWKC5,2.5
HLIO,industrials_reshoring,1024795,BBG000HL4L03,2.4
CTOS,industrials_reshoring,1709682,BBG00HLCWDF2,2.2
TRN,industrials_reshoring,99780,BBG000BVL2G3,2.1
SPY,etf,,,
RSP,etf,,,
QQQ,etf,,,
IWM,etf,,,
DIA,etf,,,
XLK,etf,,,
XLE,etf,,,
XLF,etf,,,
XLV,etf,,,
XLI,etf,,,
XLU,etf,,,
XLB,etf,,,
XLP,etf,,,
XLY,etf,,,
XLC,etf,,,
XLRE,etf,,,
SMH,etf,,,
SOXX,etf,,,
ITA,etf,,,
XAR,etf,,,
XBI,etf,,,
IBB,etf,,,
XOP,etf,,,
OIH,etf,,,
URA,etf,,,
COPX,etf,,,
LIT,etf,,,
GDX,etf,,,
GLD,etf,,,
SLV,etf,,,
USO,etf,,,
UNG,etf,,,
DBC,etf,,,
TLT,etf,,,
IEF,etf,,,
SHY,etf,,,
HYG,etf,,,
LQD,etf,,,
UUP,etf,,,
FXY,etf,,,
EWJ,etf,,,
EWT,etf,,,
EWY,etf,,,
EEM,etf,,,
EFA,etf,,,
FXI,etf,,,
PAVE,etf,,,
GRID,etf,,,
